﻿<?xml version="1.0" encoding="utf-8"?>
<!--

***********************************************************************************************
website.publishproj

WARNING: DO NOT MODIFY this file, it is used for the web publish process.

Copyright (C) Microsoft Corporation. All rights reserved.

***********************************************************************************************
-->
<Project ToolsVersion="4.0" xmlns="http://schemas.microsoft.com/developer/msbuild/2003">
  <PropertyGroup>
    <Configuration Condition=" '$(Configuration)' == '' ">Debug</Configuration>
    <Platform Condition=" '$(Platform)' == '' ">AnyCPU</Platform>
    <ProductVersion>10.0.30319</ProductVersion>
    <SchemaVersion>2.0</SchemaVersion>
    <ProjectGuid>{bd152101-a64a-420f-b6a9-ded00bafe11c}</ProjectGuid>
    <SourceWebPhysicalPath>$(MSBuildThisFileDirectory)</SourceWebPhysicalPath>
    <SourceWebVirtualPath>/ExpertSystem</SourceWebVirtualPath>
    <TargetFrameworkVersion>v4.0</TargetFrameworkVersion>
    <SourceWebProject>http://localhost:54625</SourceWebProject>
    <SourceWebMetabasePath>/IISExpress/7.5/LM/W3SVC/3/ROOT</SourceWebMetabasePath>
  </PropertyGroup>
  <PropertyGroup>
    <VisualStudioVersion Condition="'$(VisualStudioVersion)' == ''">10.0</VisualStudioVersion>
    <!-- for VS2010 we need to use 10.5 but for VS2012+ we should use VisualStudioVersion -->
    <WebPublishTargetsVersion Condition=" '$(WebPublishTargetsVersion)' =='' and '$(VisualStudioVersion)' == 10.0 ">10.5</WebPublishTargetsVersion>
    <WebPublishTargetsVersion Condition=" '$(WebPublishTargetsVersion)'=='' ">$(VisualStudioVersion)</WebPublishTargetsVersion>
    <VSToolsPath Condition="'$(VSToolsPath)' == ''">$(MSBuildExtensionsPath32)\Microsoft\VisualStudio\v$(WebPublishTargetsVersion)</VSToolsPath>
    <_WebPublishTargetsPath Condition=" '$(_WebPublishTargetsPath)'=='' ">$(VSToolsPath)</_WebPublishTargetsPath>
    <AssemblyFileVersion Condition="'$(AssemblyFileVersion)' == ''">1.0.0.0</AssemblyFileVersion>
    <AssemblyVersion Condition="'$(AssemblyVersion)' == ''">1.0.0.0</AssemblyVersion>
  </PropertyGroup>
  <ItemGroup>
    <AssemblyAttributes Include="AssemblyFileVersion">
      <Value>$(AssemblyFileVersion)</Value>
    </AssemblyAttributes>
    <AssemblyAttributes Include="AssemblyVersion">
      <Value>$(AssemblyVersion)</Value>
    </AssemblyAttributes>
  </ItemGroup>
  <Import Project="$(_WebPublishTargetsPath)\Web\Microsoft.WebSite.Publishing.targets" />
</Project>
